[
  {
    "author": "Author 1",
    "title": "Sample Book Title 1",
    "publish_date": "2020-01-01"
  },
  {
    "author": "Author 2",
    "title": "Sample Book Title 2",
    "publish_date": "2020-02-07"
  },
  {
    "author": "Author 3",
    "title": "Sample Book Title 3",
    "publish_date": "2020-03-15"
  },
  {
    "author": "Author 4",
    "title": "Sample Book Title 4",
    "publish_date": "2020-04-21"
  },
  {
    "author": "Author 5",
    "title": "Sample Book Title 5",
    "publish_date": "2020-05-28"
  },
  {
    "author": "Author 6",
    "title": "Sample Book Title 6",
    "publish_date": "2020-07-04"
  },
  {
    "author": "Author 7",
    "title": "Sample Book Title 7",
    "publish_date": "2020-08-10"
  },
  {
    "author": "Author 8",
    "title": "Sample Book Title 8",
    "publish_date": "2020-09-16"
  },
  {
    "author": "Author 9",
    "title": "Sample Book Title 9",
    "publish_date": "2020-10-23"
  },
  {
    "author": "Author 10",
    "title": "Sample Book Title 10",
    "publish_date": "2020-11-29"
  },
  {
    "author": "Author 11",
    "title": "Sample Book Title 11",
    "publish_date": "2021-01-05"
  },
  {
    "author": "Author 12",
    "title": "Sample Book Title 12",
    "publish_date": "2021-02-11"
  },
  {
    "author": "Author 13",
    "title": "Sample Book Title 13",
    "publish_date": "2021-03-20"
  },
  {
    "author": "Author 14",
    "title": "Sample Book Title 14",
    "publish_date": "2021-04-26"
  },
  {
    "author": "Author 15",
    "title": "Sample Book Title 15",
    "publish_date": "2021-06-02"
  },
  {
    "author": "Author 16",
    "title": "Sample Book Title 16",
    "publish_date": "2021-07-09"
  },
  {
    "author": "Author 17",
    "title": "Sample Book Title 17",
    "publish_date": "2021-08-15"
  },
  {
    "author": "Author 18",
    "title": "Sample Book Title 18",
    "publish_date": "2021-09-21"
  },
  {
    "author": "Author 19",
    "title": "Sample Book Title 19",
    "publish_date": "2021-10-28"
  },
  {
    "author": "Author 20",
    "title": "Sample Book Title 20",
    "publish_date": "2021-12-04"
  },
  {
    "author": "Author 21",
    "title": "Sample Book Title 21",
    "publish_date": "2022-01-10"
  },
  {
    "author": "Author 22",
    "title": "Sample Book Title 22",
    "publish_date": "2022-02-16"
  },
  {
    "author": "Author 23",
    "title": "Sample Book Title 23",
    "publish_date": "2022-03-25"
  },
  {
    "author": "Author 24",
    "title": "Sample Book Title 24",
    "publish_date": "2022-05-01"
  },
  {
    "author": "Author 25",
    "title": "Sample Book Title 25",
    "publish_date": "2022-06-07"
  },
  {
    "author": "Author 26",
    "title": "Sample Book Title 26",
    "publish_date": "2022-07-14"
  },
  {
    "author": "Author 27",
    "title": "Sample Book Title 27",
    "publish_date": "2022-08-20"
  },
  {
    "author": "Author 28",
    "title": "Sample Book Title 28",
    "publish_date": "2022-09-26"
  },
  {
    "author": "Author 29",
    "title": "Sample Book Title 29",
    "publish_date": "2022-11-02"
  },
  {
    "author": "Author 30",
    "title": "Sample Book Title 30",
    "publish_date": "2022-12-09"
  }
]